Sequence_Length,Embedding_Dim,Runtime_ms,Memory_MB
256,64,1.9614300006651322,0.5
512,64,5.480549999629147,2.0
1024,64,21.15330999949947,8.0
2048,64,84.89603999914834,32.0
