Sequence_Length,Embedding_Dim,Runtime_ms,Memory_MB
256,64,2.559920001658611,0.5
512,64,7.435249999980442,2.0
1024,64,25.42169000080321,8.0
2048,64,90.38488999940455,32.0
